Num of Props,Average Accuracy
1,0.915555556
2,0.918244444
3,0.949469136
4,0.918148148
5,0.952259259