{"analyzed": {"los_angeles_1": {"utt_holdout_batch12": {"mean": 0.7910966353886849, "std": 0.020326836809737608}, "formula_holdout_batch12": {"mean": 0.33897884457977806, "std": 0.1018980736715817}}, "new_york_2": {"utt_holdout_batch12": {"mean": 0.8049794931074625, "std": 0.014302146598124605}, "formula_holdout_batch12": {"mean": 0.32434852895758487, "std": 0.10559931631372237}}, "chicago_2": {"utt_holdout_batch12": {"mean": 0.9165917009819449, "std": 0.013407159893033427}, "formula_holdout_batch12": {"mean": 0.397302963679554, "std": 0.1412619564283133}}, "philadelphia_1": {"utt_holdout_batch12": {"mean": 0.7829603286587765, "std": 0.017435181557917644}, "formula_holdout_batch12": {"mean": 0.33613730902962197, "std": 0.11610022603684665}}, "charlotte_2": {"utt_holdout_batch12": {"mean": 0.9255983336692871, "std": 0.016763487686807986}, "formula_holdout_batch12": {"mean": 0.3989126987982474, "std": 0.1413102972178899}}, "seattle": {"utt_holdout_batch12": {"mean": 0.9231392343270709, "std": 0.015345540313341257}, "formula_holdout_batch12": {"mean": 0.3973862918775747, "std": 0.1430041180887493}}, "denver_2": {"utt_holdout_batch12": {"mean": 0.9226974756844888, "std": 0.015219476164511457}, "formula_holdout_batch12": {"mean": 0.3966477295845743, "std": 0.1400210621022183}}, "columbus_2": {"utt_holdout_batch12": {"mean": 0.9210664818235298, "std": 0.016617055294929486}, "formula_holdout_batch12": {"mean": 0.4016350834930448, "std": 0.1394366172008122}}, "indianapolis": {"utt_holdout_batch12": {"mean": 0.918227836992487, "std": 0.011063086842894986}, "formula_holdout_batch12": {"mean": 0.3994651962096275, "std": 0.141427706998079}}, "jacksonville_1": {"utt_holdout_batch12": {"mean": 0.7919030889920975, "std": 0.012320520670622481}, "formula_holdout_batch12": {"mean": 0.3283755039123252, "std": 0.10292752085108521}}, "san_diego_1": {"utt_holdout_batch12": {"mean": 0.9219096846559628, "std": 0.016704848032704164}, "formula_holdout_batch12": {"mean": 0.39346480195550726, "std": 0.1399921255621606}}, "houston": {"utt_holdout_batch12": {"mean": 0.9194740609406431, "std": 0.016153612303483937}, "formula_holdout_batch12": {"mean": 0.3983417339769574, "std": 0.1378051920978446}}, "new_york_1": {"utt_holdout_batch12": {"mean": 0.9243553458472686, "std": 0.013654591712547398}, "formula_holdout_batch12": {"mean": 0.3967006534876973, "std": 0.1434754399999889}}, "boston": {"utt_holdout_batch12": {"mean": 0.8699963936390922, "std": 0.014853192093939399}, "formula_holdout_batch12": {"mean": 0.36706805294989914, "std": 0.12412467806960378}}, "los_angeles_2": {"utt_holdout_batch12": {"mean": 0.847891293586574, "std": 0.014984388778005241}, "formula_holdout_batch12": {"mean": 0.3411586948978208, "std": 0.1058278498120755}}, "chicago_1": {"utt_holdout_batch12": {"mean": 0.9206935731357649, "std": 0.014392189403594343}, "formula_holdout_batch12": {"mean": 0.4019188233329302, "std": 0.13890384660946298}}, "charlotte_1": {"utt_holdout_batch12": {"mean": 0.8156154604554985, "std": 0.013782399929526179}, "formula_holdout_batch12": {"mean": 0.3556636870742172, "std": 0.12006051595684929}}, "philadelphia_2": {"utt_holdout_batch12": {"mean": 0.9149707445969721, "std": 0.015124196435179873}, "formula_holdout_batch12": {"mean": 0.3978220560760063, "std": 0.14162971659838783}}, "columbus_1": {"utt_holdout_batch12": {"mean": 0.9214880009653529, "std": 0.01807780435620901}, "formula_holdout_batch12": {"mean": 0.403758545587241, "std": 0.14176636880967505}}, "denver_1": {"utt_holdout_batch12": {"mean": 0.9247552953856408, "std": 0.014841957001377859}, "formula_holdout_batch12": {"mean": 0.39614193781035584, "std": 0.13958059108182194}}, "san_diego_2": {"utt_holdout_batch12": {"mean": 0.8458469943107257, "std": 0.014191646180722625}, "formula_holdout_batch12": {"mean": 0.35063244620091577, "std": 0.12102234167309267}}, "jacksonville_2": {"utt_holdout_batch12": {"mean": 0.9223195071215343, "std": 0.016323603660277214}, "formula_holdout_batch12": {"mean": 0.3981013886573708, "std": 0.1394417494931308}}}, "raw": {"los_angeles_1": {"utt_holdout_batch12": [0.774390243902439, 0.7795918367346939, 0.7816326530612245, 0.7892561983471075, 0.8306122448979592], "formula_holdout_batch12": [0.34615384615384615, 0.31718061674008813, 0.5265486725663717, 0.2775229357798165, 0.22748815165876776]}, "new_york_2": {"utt_holdout_batch12": [0.7926829268292683, 0.7918367346938775, 0.8142857142857143, 0.7975206611570248, 0.8285714285714286], "formula_holdout_batch12": [0.34134615384615385, 0.2973568281938326, 0.5154867256637168, 0.26376146788990823, 0.2037914691943128]}, "chicago_2": {"utt_holdout_batch12": [0.9024390243902439, 0.9102040816326531, 0.9204081632653062, 0.9090909090909091, 0.9408163265306122], "formula_holdout_batch12": [0.4110576923076923, 0.3876651982378855, 0.6504424778761062, 0.30275229357798167, 0.23459715639810427]}, "philadelphia_1": {"utt_holdout_batch12": [0.7723577235772358, 0.7591836734693878, 0.7775510204081633, 0.7995867768595041, 0.8061224489795918], "formula_holdout_batch12": [0.31971153846153844, 0.31938325991189426, 0.5553097345132744, 0.2706422018348624, 0.2156398104265403]}, "charlotte_2": {"utt_holdout_batch12": [0.9065040650406504, 0.9142857142857143, 0.9306122448979591, 0.9214876033057852, 0.9551020408163265], "formula_holdout_batch12": [0.4230769230769231, 0.3744493392070485, 0.6526548672566371, 0.30504587155963303, 0.23933649289099526]}, "seattle": {"utt_holdout_batch12": [0.9065040650406504, 0.9142857142857143, 0.926530612244898, 0.9173553719008265, 0.9510204081632653], "formula_holdout_batch12": [0.4182692307692308, 0.3854625550660793, 0.6526548672566371, 0.29357798165137616, 0.23696682464454977]}, "denver_2": {"utt_holdout_batch12": [0.9166666666666666, 0.9142857142857143, 0.9244897959183673, 0.9070247933884298, 0.9510204081632653], "formula_holdout_batch12": [0.4206730769230769, 0.3722466960352423, 0.6482300884955752, 0.30275229357798167, 0.23933649289099526]}, "columbus_2": {"utt_holdout_batch12": [0.9146341463414634, 0.9102040816326531, 0.9204081632653062, 0.9070247933884298, 0.9530612244897959], "formula_holdout_batch12": [0.4182692307692308, 0.3744493392070485, 0.6548672566371682, 0.3165137614678899, 0.24407582938388625]}, "indianapolis": {"utt_holdout_batch12": [0.9105691056910569, 0.9081632653061225, 0.9204081632653062, 0.9132231404958677, 0.9387755102040817], "formula_holdout_batch12": [0.4254807692307692, 0.3656387665198238, 0.6548672566371682, 0.30963302752293576, 0.24170616113744076]}, "jacksonville_1": {"utt_holdout_batch12": [0.7926829268292683, 0.773469387755102, 0.789795918367347, 0.7913223140495868, 0.8122448979591836], "formula_holdout_batch12": [0.3557692307692308, 0.28854625550660795, 0.5154867256637168, 0.2545871559633027, 0.22748815165876776]}, "san_diego_1": {"utt_holdout_batch12": [0.9065040650406504, 0.9102040816326531, 0.9244897959183673, 0.9152892561983471, 0.9530612244897959], "formula_holdout_batch12": [0.4230769230769231, 0.3700440528634361, 0.6415929203539823, 0.30275229357798167, 0.22985781990521326]}, "houston": {"utt_holdout_batch12": [0.8963414634146342, 0.9163265306122449, 0.9204081632653062, 0.9173553719008265, 0.9469387755102041], "formula_holdout_batch12": [0.41346153846153844, 0.3832599118942731, 0.6460176991150443, 0.30963302752293576, 0.23933649289099526]}, "new_york_1": {"utt_holdout_batch12": [0.9105691056910569, 0.9183673469387755, 0.9285714285714286, 0.9152892561983471, 0.9489795918367347], "formula_holdout_batch12": [0.4254807692307692, 0.3634361233480176, 0.6548672566371682, 0.30275229357798167, 0.23696682464454977]}, "boston": {"utt_holdout_batch12": [0.8577235772357723, 0.8571428571428571, 0.8693877551020408, 0.8677685950413223, 0.8979591836734694], "formula_holdout_batch12": [0.3942307692307692, 0.35462555066079293, 0.584070796460177, 0.28440366972477066, 0.21800947867298578]}, "los_angeles_2": {"utt_holdout_batch12": [0.8434959349593496, 0.8408163265306122, 0.8408163265306122, 0.8367768595041323, 0.8775510204081632],