Num of Props,Average Accuracy
1,0.378931624
2,0.044206553
3,0.631010934
4,0.650585217
5,0.610100117